Country,year,Happiness Rank,Happiness Score,Economy (GDP per Capita),Family,Health (Life Expectancy),Generosity
Switzerland,2015,1,7.587,1.39651,1.34951,0.94143,0.29678
Iceland,2015,2,7.561,1.30232,1.40223,0.94784,0.4363
Denmark,2015,3,7.527,1.32548,1.36058,0.87464,0.34139
Norway,2015,4,7.522,1.459,1.33095,0.88521,0.34699
Canada,2015,5,7.427,1.32629,1.32261,0.90563,0.45811
Finland,2015,6,7.406,1.29025,1.31826,0.88911,0.23351
Netherlands,2015,7,7.378,1.32944,1.28017,0.89284,0.4761
Sweden,2015,8,7.364,1.33171,1.28907,0.91087,0.36262
New Zealand,2015,9,7.286,1.25018,1.31967,0.90837,0.47501
Australia,2015,10,7.284,1.33358,1.30923,0.93156,0.43562
Israel,2015,11,7.278,1.22857,1.22393,0.91387,0.33172
Costa Rica,2015,12,7.226,0.95578,1.23788,0.86027,0.25497
Austria,2015,13,7.2,1.33723,1.29704,0.89042,0.33088
Mexico,2015,14,7.187,1.02054,0.91451,0.81444,0.14074
United States,2015,15,7.119,1.39451,1.24711,0.86179,0.40105
Brazil,2015,16,6.983,0.98124,1.23287,0.69702,0.14574
Ireland,2015,18,6.94,1.33596,1.36948,0.89533,0.45901
Belgium,2015,19,6.937,1.30782,1.28566,0.89667,0.2225
United Arab Emirates,2015,20,6.901,1.42727,1.12575,0.80925,0.26428
United Kingdom,2015,21,6.867,1.26637,1.28548,0.90943,0.51912
Venezuela,2015,23,6.81,1.04424,1.25596,0.72052,0.05841
Singapore,2015,24,6.798,1.52186,1.02,1.02525,0.31105
Panama,2015,25,6.786,1.06353,1.1985,0.79661,0.24434
Germany,2015,26,6.75,1.32792,1.29937,0.89186,0.28214
Chile,2015,27,6.67,1.10715,1.12447,0.85857,0.33363
France,2015,29,6.575,1.27778,1.26038,0.94579,0.12332
Argentina,2015,30,6.574,1.05351,1.24823,0.78723,0.11451
Uruguay,2015,32,6.485,1.06166,1.2089,0.8116,0.2324
Colombia,2015,33,6.477,0.91861,1.24018,0.69077,0.18401
Thailand,2015,34,6.455,0.9669,1.26504,0.7385,0.5763
Saudi Arabia,2015,35,6.411,1.39541,1.08393,0.72025,0.13706
Spain,2015,36,6.329,1.23011,1.31379,0.95562,0.18227
Malta,2015,37,6.302,1.2074,1.30203,0.88721,0.51752
El Salvador,2015,42,6.13,0.76454,1.02507,0.67737,0.10692
Uzbekistan,2015,44,6.003,0.63244,1.34043,0.59772,0.22837
Slovakia,2015,45,5.995,1.16891,1.26999,0.78902,0.16893
Japan,2015,46,5.987,1.27074,1.25712,0.99111,0.10705
South Korea,2015,47,5.984,1.24461,0.95774,0.96538,0.18557
Ecuador,2015,48,5.975,0.86402,0.99903,0.79075,0.11541
Bahrain,2015,49,5.96,1.32376,1.21624,0.74716,0.17362
Italy,2015,50,5.948,1.25114,1.19777,0.95446,0.22823
Bolivia,2015,51,5.89,0.68133,0.97841,0.5392,0.20536
Moldova,2015,52,5.889,0.59448,1.01528,0.61826,0.20951
Paraguay,2015,53,5.878,0.75985,1.30477,0.66098,0.3424
Kazakhstan,2015,54,5.855,1.12254,1.12241,0.64368,0.11827
Slovenia,2015,55,5.848,1.18498,1.27385,0.87337,0.25328
Lithuania,2015,56,5.833,1.14723,1.25745,0.73128,0.02641
Nicaragua,2015,57,5.828,0.59325,1.14184,0.74314,0.27815
Peru,2015,58,5.824,0.90019,0.97459,0.73017,0.14982
Poland,2015,60,5.791,1.12555,1.27948,0.77903,0.16759
Malaysia,2015,61,5.77,1.12486,1.07023,0.72394,0.33075
Croatia,2015,62,5.759,1.08254,0.79624,0.78805,0.05444
Russia,2015,64,5.716,1.13764,1.23617,0.66926,0.00199
Jamaica,2015,65,5.709,0.81038,1.15102,0.68741,0.2123
Cyprus,2015,67,5.689,1.20813,0.89318,0.92356,0.30638
Algeria,2015,68,5.605,0.93929,1.07772,0.61766,0.07822
Kosovo,2015,69,5.589,0.80148,0.81198,0.63132,0.2831
Mauritius,2015,71,5.477,1.00761,0.98521,0.7095,0.37744
Estonia,2015,73,5.429,1.15174,1.22791,0.77361,0.0868
Indonesia,2015,74,5.399,0.82827,1.08708,0.63793,0.51535
Vietnam,2015,75,5.36,0.63216,0.91226,0.74676,0.1686
Turkey,2015,76,5.332,1.06098,0.94632,0.73172,0.12253
Kyrgyzstan,2015,77,5.286,0.47428,1.15115,0.65088,0.3003
Nigeria,2015,78,5.268,0.65435,0.90432,0.16007,0.27233
Pakistan,2015,81,5.194,0.59543,0.41411,0.51466,0.33671
Jordan,2015,82,5.192,0.90198,1.05392,0.69639,0.11053
Montenegro,2015,82,5.192,0.97438,0.90557,0.72521,0.1614
China,2015,84,5.14,0.89012,0.94675,0.81658,0.08185
Zambia,2015,85,5.129,0.47038,0.91612,0.29924,0.19591
Romania,2015,86,5.124,1.04345,0.88588,0.7689,0.13748
Serbia,2015,87,5.123,0.92053,1.00964,0.74836,0.19231
Portugal,2015,88,5.102,1.15991,1.13935,0.87519,0.13719
Latvia,2015,89,5.098,1.11312,1.09562,0.72437,0.18226
Philippines,2015,90,5.073,0.70532,1.03516,0.58114,0.24991
Morocco,2015,92,5.013,0.73479,0.64095,0.60954,0.07172
Albania,2015,95,4.959,0.87867,0.80434,0.81325,0.14272
Bosnia and Herzegovina,2015,96,4.949,0.83223,0.91916,0.79081,0.24808
Dominican Republic,2015,98,4.885,0.89537,1.17202,0.66825,0.21684
Mongolia,2015,100,4.874,0.82819,1.3006,0.60268,0.3323
Greece,2015,102,4.857,1.15406,0.92933,0.88213,0.0
Lebanon,2015,103,4.839,1.02564,0.80001,0.83947,0.21854
Hungary,2015,104,4.8,1.12094,1.20215,0.75905,0.128
Honduras,2015,105,4.788,0.59532,0.95348,0.6951,0.23027
Tajikistan,2015,106,4.786,0.39047,0.85563,0.57379,0.22974
Tunisia,2015,107,4.739,0.88113,0.60429,0.73793,0.06431
Bangladesh,2015,109,4.694,0.39753,0.43106,0.60164,0.21222
Iran,2015,110,4.686,1.0088,0.54447,0.69805,0.38086
Ukraine,2015,111,4.681,0.79907,1.20278,0.6739,0.15275
Iraq,2015,112,4.677,0.98549,0.81889,0.60237,0.17922
South Africa,2015,113,4.642,0.92049,1.18468,0.27688,0.11973
Ghana,2015,114,4.633,0.54558,0.67954,0.40132,0.23087
Zimbabwe,2015,115,4.61,0.271,1.03276,0.33475,0.18987
India,2015,117,4.565,0.64499,0.38174,0.51529,0.26475
Nepal,2015,121,4.514,0.35997,0.86449,0.56874,0.32296
Ethiopia,2015,122,4.512,0.19073,0.60406,0.44055,0.24325
Sierra Leone,2015,123,4.507,0.33024,0.95571,0.0,0.21488
Kenya,2015,125,4.419,0.36471,0.99876,0.41435,0.37542
Armenia,2015,127,4.35,0.76821,0.77711,0.7299,0.07855
Myanmar,2015,129,4.307,0.27108,0.70905,0.48246,0.79588
Georgia,2015,130,4.297,0.7419,0.38562,0.72926,0.05547
Malawi,2015,131,4.292,0.01604,0.41134,0.22562,0.33128
Sri Lanka,2015,132,4.271,0.83524,1.01905,0.70806,0.40828
Cameroon,2015,133,4.252,0.4225,0.88767,0.23402,0.20618
Bulgaria,2015,134,4.218,1.01216,1.10614,0.76649,0.11921
Egypt,2015,135,4.194,0.8818,0.747,0.61712,0.11291
Mali,2015,138,3.995,0.26074,1.03526,0.20583,0.18798
Uganda,2015,141,3.931,0.21102,1.13299,0.33861,0.29066
Senegal,2015,142,3.904,0.36498,0.97619,0.4354,0.20843
Gabon,2015,143,3.896,1.06024,0.90528,0.43372,0.06822
Cambodia,2015,145,3.819,0.46038,0.62736,0.61114,0.40359
Tanzania,2015,146,3.781,0.2852,1.00268,0.38215,0.34377
Guinea,2015,150,3.656,0.17417,0.46475,0.24009,0.28657
Ivory Coast,2015,151,3.655,0.46534,0.77115,0.15185,0.20165
Burkina Faso,2015,152,3.587,0.25812,0.85188,0.27125,0.21747
Afghanistan,2015,153,3.575,0.31982,0.30285,0.30335,0.3651
Benin,2015,155,3.34,0.28665,0.35386,0.3191,0.1826
Togo,2015,158,2.839,0.20868,0.13995,0.28443,0.16681
Denmark,2016,1,7.526,1.44178,1.16374,0.79504,0.36171
Switzerland,2016,2,7.509,1.52733,1.14524,0.86303,0.28083
Iceland,2016,3,7.501,1.42666,1.18326,0.86733,0.47678
Norway,2016,4,7.498,1.57744,1.1269,0.79579,0.37895
Finland,2016,5,7.413,1.40598,1.13464,0.81091,0.25492
Canada,2016,6,7.404,1.44015,1.0961,0.8276,0.44834
Netherlands,2016,7,7.339,1.46468,1.02912,0.81231,0.47416
New Zealand,2016,8,7.334,1.36066,1.17278,0.83096,0.49401
Australia,2016,9,7.313,1.44443,1.10476,0.8512,0.47407
Sweden,2016,10,7.291,1.45181,1.08764,0.83121,0.38254
Israel,2016,11,7.267,1.33766,0.99537,0.84917,0.32288
Austria,2016,12,7.119,1.45038,1.08383,0.80565,0.32865
United States,2016,13,7.104,1.50796,1.04782,0.779,0.41077
Costa Rica,2016,14,7.087,1.06879,1.02152,0.76146,0.22553
Germany,2016,16,6.994,1.44787,1.09774,0.81487,0.30452
Brazil,2016,17,6.952,1.08754,1.03938,0.61415,0.15776
Belgium,2016,18,6.929,1.42539,1.05249,0.81959,0.2424
Ireland,2016,19,6.907,1.48341,1.16157,0.81455,0.44963
Mexico,2016,21,6.778,1.11508,0.7146,0.71143,0.11735
Singapore,2016,22,6.739,1.64555,0.86758,0.94719,0.32706
United Kingdom,2016,23,6.725,1.40283,1.08672,0.80991,0.50156
Chile,2016,24,6.705,1.2167,0.90587,0.81883,0.31595
Panama,2016,25,6.701,1.18306,0.98912,0.70835,0.2418
Argentina,2016,26,6.65,1.15137,1.06612,0.69711,0.10989
United Arab Emirates,2016,28,6.573,1.57352,0.87114,0.72993,0.26591
Uruguay,2016,29,6.545,1.18157,1.03143,0.72183,0.18056
Malta,2016,30,6.488,1.30782,1.09879,0.80315,0.56237
Colombia,2016,31,6.481,1.03032,1.02169,0.59659,0.15626
France,2016,32,6.478,1.39488,1.00508,0.83795,0.1216
Thailand,2016,33,6.474,1.0893,1.04477,0.64915,0.58696
Saudi Arabia,2016,34,6.379,1.48953,0.84829,0.59267,0.15457
Spain,2016,37,6.361,1.34253,1.12945,0.87896,0.17665
Algeria,2016,38,6.355,1.05266,0.83309,0.61804,0.07044
Bahrain,2016,42,6.218,1.44024,0.94397,0.65696,0.17147
Venezuela,2016,44,6.084,1.13367,1.03302,0.61904,0.0425
Slovakia,2016,45,6.078,1.27973,1.08268,0.70367,0.13837
El Salvador,2016,46,6.068,0.8737,0.80975,0.596,0.08877
Malaysia,2016,47,6.005,1.25142,0.88025,0.62366,0.41474
Nicaragua,2016,48,5.992,0.69384,0.89521,0.65213,0.29773
Uzbekistan,2016,49,5.987,0.73591,1.1681,0.50163,0.34326
Italy,2016,50,5.977,1.35495,1.04167,0.85102,0.16684
Ecuador,2016,51,5.976,0.97306,0.85974,0.68613,0.10074
Japan,2016,53,5.921,1.38007,1.06054,0.91491,0.10224
Kazakhstan,2016,54,5.919,1.22943,0.95544,0.57386,0.15011
Moldova,2016,55,5.897,0.69177,0.83132,0.52309,0.19997
Russia,2016,56,5.856,1.23228,1.05261,0.58991,0.02736
Poland,2016,57,5.835,1.24585,1.04685,0.69058,0.14443
South Korea,2016,57,5.835,1.35948,0.72194,0.88645,0.18824
Bolivia,2016,59,5.822,0.79422,0.83779,0.4697,0.21698
Lithuania,2016,60,5.813,1.2692,1.06411,0.64674,0.02025
Slovenia,2016,63,5.768,1.29947,1.05613,0.79151,0.25738
Peru,2016,64,5.743,0.99602,0.81255,0.62994,0.14527
Mauritius,2016,66,5.648,1.14372,0.75695,0.66189,0.36951
Latvia,2016,68,5.56,1.21788,0.95025,0.63952,0.17445
Cyprus,2016,69,5.546,1.31857,0.70697,0.8488,0.27906
Paraguay,2016,70,5.538,0.89373,1.11111,0.58295,0.25296
Romania,2016,71,5.528,1.1697,0.72803,0.67602,0.12889
Estonia,2016,72,5.517,1.27964,1.05163,0.68098,0.08423
Jamaica,2016,73,5.51,0.89333,0.96372,0.59469,0.22245
Croatia,2016,74,5.488,1.18649,0.60809,0.70524,0.18434
Kosovo,2016,77,5.401,0.90145,0.66062,0.54,0.27992
Turkey,2016,78,5.389,1.16492,0.87717,0.64718,0.04707
Indonesia,2016,79,5.314,0.95104,0.87625,0.49374,0.56521
Jordan,2016,80,5.303,0.99673,0.86216,0.60712,0.14262
Philippines,2016,82,5.279,0.81217,0.87877,0.47036,0.21674
China,2016,83,5.245,1.0278,0.79381,0.73561,0.04959
Kyrgyzstan,2016,85,5.185,0.56044,0.95434,0.55449,0.38432
Serbia,2016,86,5.177,1.03437,0.81329,0.6458,0.20737
Bosnia and Herzegovina,2016,87,5.163,0.93383,0.64367,0.70766,0.29889
Montenegro,2016,88,5.161,1.07838,0.74173,0.63533,0.17191
Dominican Republic,2016,89,5.155,1.02787,0.99496,0.57669,0.21286
Morocco,2016,90,5.151,0.84058,0.38595,0.59471,0.04053
Hungary,2016,91,5.145,1.24142,0.93164,0.67608,0.099
Pakistan,2016,92,5.132,0.68816,0.26135,0.40306,0.31185
Lebanon,2016,93,5.129,1.12268,0.64184,0.76171,0.23693
Portugal,2016,94,5.123,1.27607,0.94367,0.79363,0.11691
Vietnam,2016,96,5.061,0.74037,0.79117,0.66157,0.25075
Tunisia,2016,98,5.045,0.97724,0.43165,0.59577,0.03936
Greece,2016,99,5.033,1.24886,0.75473,0.80029,0.0
Tajikistan,2016,100,4.996,0.48835,0.75602,0.53119,0.25998
Mongolia,2016,101,4.907,0.98853,1.08983,0.55469,0.34539
Nigeria,2016,103,4.875,0.75216,0.64498,0.05108,0.23219
Honduras,2016,104,4.871,0.69429,0.75596,0.58383,0.2044
Iran,2016,105,4.813,1.11758,0.38857,0.64232,0.38538
Zambia,2016,106,4.795,0.61202,0.6376,0.23573,0.17866
Nepal,2016,107,4.793,0.44626,0.69699,0.50073,0.3816
Albania,2016,109,4.655,0.9553,0.50163,0.73007,0.1684
Bangladesh,2016,110,4.643,0.54177,0.24749,0.52989,0.19132
Sierra Leone,2016,111,4.635,0.36485,0.628,0.0,0.23897
Iraq,2016,112,4.575,1.07474,0.59205,0.51076,0.19589
Cameroon,2016,114,4.513,0.52497,0.62542,0.12698,0.2268
Ethiopia,2016,115,4.508,0.29283,0.37932,0.34578,0.29522
South Africa,2016,116,4.459,1.02416,0.96053,0.18611,0.13656
Sri Lanka,2016,117,4.415,0.97318,0.84783,0.62007,0.46978
India,2016,118,4.404,0.74036,0.29247,0.45091,0.25028
Myanmar,2016,119,4.395,0.34112,0.69981,0.3988,0.81971
Egypt,2016,120,4.362,0.95395,0.49813,0.52116,0.12706
Armenia,2016,121,4.36,0.86086,0.62477,0.64083,0.07793
Kenya,2016,122,4.356,0.52267,0.7624,0.30147,0.41328
Ukraine,2016,123,4.324,0.87287,1.01413,0.58628,0.20363
Ghana,2016,124,4.276,0.63107,0.49353,0.29681,0.21203
Georgia,2016,126,4.252,0.83792,0.19249,0.64035,0.06786
Senegal,2016,128,4.219,0.44314,0.77416,0.40457,0.19103
Bulgaria,2016,129,4.217,1.11306,0.92542,0.67806,0.12793
Zimbabwe,2016,131,4.193,0.35041,0.71478,0.1595,0.18503
Malawi,2016,132,4.156,0.08709,0.147,0.29364,0.30968
Gabon,2016,134,4.121,1.15851,0.72368,0.3494,0.06244
Mali,2016,135,4.073,0.31292,0.86333,0.16347,0.21064
Ivory Coast,2016,139,3.916,0.55507,0.57576,0.04476,0.20338
Cambodia,2016,140,3.907,0.55604,0.5375,0.42494,0.40339
Burkina Faso,2016,145,3.739,0.31995,0.63054,0.21297,0.24353
Uganda,2016,145,3.739,0.34719,0.90981,0.19625,0.27102
Tanzania,2016,149,3.666,0.47155,0.77623,0.357,0.31472
Guinea,2016,151,3.607,0.22415,0.3109,0.18829,0.29914
Benin,2016,153,3.484,0.39499,0.10419,0.21028,0.2018
Afghanistan,2016,154,3.36,0.38227,0.11037,0.17344,0.31268
Togo,2016,155,3.303,0.28123,0.0,0.24811,0.17517
Norway,2017,1,7.53700017929077,1.61646318435669,1.53352355957031,0.796666502952576,0.36201223731041
Denmark,2017,2,7.52199983596802,1.48238301277161,1.55112159252167,0.792565524578094,0.355280488729477
Iceland,2017,3,7.50400018692017,1.480633020401,1.6105740070343,0.833552122116089,0.475540220737457
Switzerland,2017,4,7.49399995803833,1.56497955322266,1.51691174507141,0.858131289482117,0.290549278259277
Finland,2017,5,7.4689998626709,1.44357192516327,1.5402467250824,0.80915766954422,0.24548277258873
Netherlands,2017,6,7.3769998550415,1.50394463539124,1.42893922328949,0.810696125030518,0.470489829778671
Canada,2017,7,7.31599998474121,1.47920441627502,1.48134899139404,0.83455765247345,0.435539722442627
New Zealand,2017,8,7.31400012969971,1.40570604801178,1.54819512367249,0.816759705543518,0.500005125999451
Sweden,2017,9,7.28399991989136,1.49438726902008,1.47816216945648,0.830875158309937,0.385399252176285
Australia,2017,10,7.28399991989136,1.484414935112,1.51004195213318,0.84388679265976,0.477699249982834
Israel,2017,11,7.21299982070923,1.37538242340088,1.37628996372223,0.83840399980545,0.330082654953003
Costa Rica,2017,12,7.0789999961853,1.10970628261566,1.41640365123749,0.759509265422821,0.214613229036331
Austria,2017,13,7.00600004196167,1.48709726333618,1.4599449634552,0.815328419208527,0.316472321748734
United States,2017,14,6.99300003051758,1.54625928401947,1.41992056369781,0.77428662776947,0.392578780651093
Ireland,2017,15,6.97700023651123,1.53570663928986,1.55823111534119,0.80978262424469,0.42785832285881
Germany,2017,16,6.95100021362305,1.48792338371277,1.47252035140991,0.798950731754303,0.336269170045853
Belgium,2017,17,6.89099979400635,1.46378076076508,1.46231269836426,0.818091869354248,0.231503337621689
United Kingdom,2017,19,6.71400022506714,1.44163393974304,1.49646008014679,0.805335938930511,0.492774158716202
Chile,2017,20,6.65199995040894,1.25278460979462,1.28402495384216,0.819479703903198,0.326662421226501
United Arab Emirates,2017,21,6.64799976348877,1.62634336948395,1.26641023159027,0.726798236370087,0.3609419465065
Brazil,2017,22,6.63500022888184,1.10735321044922,1.43130600452423,0.616552352905273,0.16234989464283
Argentina,2017,24,6.59899997711182,1.18529546260834,1.44045114517212,0.695137083530426,0.109457060694695
Mexico,2017,25,6.57800006866455,1.15318381786346,1.210862159729,0.709978997707367,0.120990432798862
Singapore,2017,26,6.57200002670288,1.69227766990662,1.35381436347961,0.949492394924164,0.345965981483459
Malta,2017,27,6.52699995040894,1.34327983856201,1.48841166496277,0.821944236755371,0.574730575084686
Uruguay,2017,28,6.4539999961853,1.21755969524384,1.41222786903381,0.719216823577881,0.175096929073334
Panama,2017,30,6.4520001411438,1.23374843597412,1.37319254875183,0.706156134605408,0.21055693924427
France,2017,31,6.44199991226196,1.43092346191406,1.38777685165405,0.844465851783752,0.129762306809425
Thailand,2017,32,6.42399978637695,1.12786877155304,1.42579245567322,0.647239029407501,0.572123110294342
Spain,2017,34,6.40299987792969,1.38439786434174,1.53209090232849,0.888960599899292,0.190133571624756
Colombia,2017,36,6.35699987411499,1.07062232494354,1.4021829366684,0.595027923583984,0.149014472961426
Saudi Arabia,2017,37,6.3439998626709,1.53062355518341,1.28667759895325,0.590148329734802,0.147616013884544
Slovakia,2017,40,6.09800004959106,1.32539355754852,1.50505924224854,0.712732911109924,0.136544480919838
Bahrain,2017,41,6.08699989318848,1.48841226100922,1.32311046123505,0.653133034706116,0.172668486833572
Malaysia,2017,42,6.08400011062622,1.29121541976929,1.28464603424072,0.618784427642822,0.416608929634094
Nicaragua,2017,43,6.07100009918213,0.737299203872681,1.28721570968628,0.653095960617065,0.301674216985703
Ecuador,2017,44,6.00799989700317,1.00082039833069,1.28616881370544,0.685636222362518,0.150112465023994
El Salvador,2017,45,6.00299978256226,0.909784495830536,1.18212509155273,0.596018552780151,0.0782579854130745
Poland,2017,46,5.97300004959106,1.29178786277771,1.44571197032928,0.699475347995758,0.158465966582298
Uzbekistan,2017,47,5.97100019454956,0.786441087722778,1.54896914958954,0.498272627592087,0.415983647108078
Italy,2017,48,5.96400022506714,1.39506661891937,1.44492328166962,0.853144347667694,0.17278964817524
Russia,2017,49,5.96299982070923,1.28177809715271,1.46928238868713,0.547349333763123,0.0522638224065304
Japan,2017,51,5.92000007629395,1.41691517829895,1.43633782863617,0.913475871086121,0.12057276815176
Lithuania,2017,52,5.90199995040894,1.31458234786987,1.47351610660553,0.62894994020462,0.010164656676352
Algeria,2017,53,5.87200021743774,1.09186446666718,1.1462174654007,0.617584645748138,0.0694366469979286
Latvia,2017,54,5.84999990463257,1.26074862480164,1.40471494197845,0.638566970825195,0.153074786067009
South Korea,2017,55,5.83799982070923,1.40167844295502,1.12827444076538,0.900214076042175,0.206674367189407
Moldova,2017,56,5.83799982070923,0.728870630264282,1.25182557106018,0.589465200901031,0.208779126405716
Romania,2017,57,5.82499980926514,1.21768391132355,1.15009129047394,0.685158312320709,0.133519917726517
Bolivia,2017,58,5.82299995422363,0.833756566047668,1.22761905193329,0.473630249500275,0.22556072473526
Kazakhstan,2017,60,5.81899976730347,1.28455626964569,1.38436901569366,0.606041550636292,0.201964423060417
Slovenia,2017,62,5.75799989700317,1.3412059545517,1.45251882076263,0.790828227996826,0.242649093270302
Peru,2017,63,5.71500015258789,1.03522527217865,1.21877038478851,0.630166113376617,0.126819714903831
Mauritius,2017,64,5.62900018692017,1.18939554691315,1.20956099033356,0.638007462024689,0.360933750867844
Cyprus,2017,65,5.62099981307983,1.35593807697296,1.13136327266693,0.84471470117569,0.271254301071167
Estonia,2017,66,5.61100006103516,1.32087934017181,1.47667109966278,0.695168316364288,0.0988908112049103
Turkey,2017,69,5.5,1.19827437400818,1.33775317668915,0.637605607509613,0.0466930419206619
Paraguay,2017,70,5.49300003051758,0.932537317276001,1.50728487968445,0.579250693321228,0.224150657653809
Philippines,2017,72,5.42999982833862,0.85769921541214,1.25391757488251,0.468009054660797,0.193513423204422
Serbia,2017,73,5.39499998092651,1.06931757926941,1.25818979740143,0.65078467130661,0.220125883817673
Jordan,2017,74,5.33599996566772,0.991012394428253,1.23908889293671,0.604590058326721,0.172170460224152
Hungary,2017,75,5.32399988174438,1.2860119342804,1.34313309192657,0.687763452529907,0.0784016624093056
Jamaica,2017,76,5.31099987030029,0.925579309463501,1.36821806430817,0.641022384166718,0.233818337321281
Croatia,2017,77,5.29300022125244,1.22255623340607,0.96798300743103,0.701288521289825,0.248002976179123
Kosovo,2017,78,5.27899980545044,0.951484382152557,1.13785350322723,0.541452050209045,0.319931447505951
China,2017,79,5.27299976348877,1.08116579055786,1.16083741188049,0.741415500640869,0.0288068410009146
Pakistan,2017,80,5.26900005340576,0.72688353061676,0.672690689563751,0.402047783136368,0.315446019172668
Indonesia,2017,81,5.26200008392334,0.995538592338562,1.27444469928741,0.492345720529556,0.611704587936401
Venezuela,2017,82,5.25,1.12843120098114,1.43133759498596,0.617144227027893,0.0650196298956871
Montenegro,2017,83,5.23699998855591,1.12112903594971,1.23837649822235,0.667464673519135,0.197911024093628
Morocco,2017,84,5.2350001335144,0.878114581108093,0.774864435195923,0.59771066904068,0.0322099551558495
Dominican Republic,2017,86,5.23000001907349,1.07937383651733,1.40241670608521,0.574873745441437,0.186967849731445
Greece,2017,87,5.22700023651123,1.28948748111725,1.23941457271576,0.810198903083801,0.0
Lebanon,2017,88,5.22499990463257,1.07498753070831,1.12962424755096,0.735081076622009,0.264450758695602
Portugal,2017,89,5.19500017166138,1.3151752948761,1.36704301834106,0.795843541622162,0.0951027125120163
Bosnia and Herzegovina,2017,90,5.18200016021729,0.982409417629242,1.0693359375,0.705186307430267,0.328867495059967
Honduras,2017,91,5.18100023269653,0.730573117733002,1.14394497871399,0.582569479942322,0.236188873648643
Vietnam,2017,94,5.07399988174438,0.788547575473785,1.27749133110046,0.652168989181519,0.234968051314354
Nigeria,2017,95,5.07399988174438,0.783756256103516,1.21577048301697,0.0569157302379608,0.230947196483612
Tajikistan,2017,96,5.04099988937378,0.524713635444641,1.27146327495575,0.529235124588013,0.248997643589973
Kyrgyzstan,2017,98,5.00400018692017,0.596220076084137,1.39423859119415,0.553457796573639,0.42858037352562
Nepal,2017,99,4.96199989318848,0.479820191860199,1.17928326129913,0.504130780696869,0.394096165895462
Mongolia,2017,100,4.95499992370605,1.02723586559296,1.4930112361908,0.557783484458923,0.338464230298996
South Africa,2017,101,4.8289999961853,1.05469870567322,1.38478863239288,0.187080070376396,0.139362379908562
Tunisia,2017,102,4.80499982833862,1.00726580619812,0.868351459503174,0.613212049007416,0.0496933571994305
Egypt,2017,104,4.7350001335144,0.989701807498932,0.997471392154694,0.520187258720398,0.128631442785263
Bulgaria,2017,105,4.71400022506714,1.1614590883255,1.43437945842743,0.708217680454254,0.113177694380283
Sierra Leone,2017,106,4.70900011062622,0.36842092871666,0.984136044979095,0.0055647538974881,0.293040901422501
Cameroon,2017,107,4.69500017166138,0.564305365085602,0.946018218994141,0.132892116904259,0.236298456788063
Iran,2017,108,4.69199991226196,1.15687310695648,0.711551249027252,0.639333188533783,0.387242913246155
Albania,2017,109,4.64400005340576,0.996192753314972,0.803685247898102,0.731159746646881,0.201312944293022
Bangladesh,2017,110,4.60799980163574,0.586682975292206,0.735131740570068,0.533241033554077,0.172255352139473
Kenya,2017,112,4.55299997329712,0.560479462146759,1.06795072555542,0.309988349676132,0.444860309362411
Myanmar,2017,114,4.54500007629395,0.367110550403595,1.12323594093323,0.397522568702698,0.838075160980225
Senegal,2017,115,4.53499984741211,0.479309022426605,1.17969191074371,0.409362852573395,0.183468893170357
Zambia,2017,116,4.51399993896484,0.636406779289246,1.00318729877472,0.257835894823074,0.249580144882202
Iraq,2017,117,4.49700021743774,1.10271048545837,0.978613197803497,0.501180469989777,0.19963726401329
Gabon,2017,118,4.46500015258789,1.1982102394104,1.1556202173233,0.356578588485718,0.0437853783369064
Ethiopia,2017,119,4.46000003814697,0.339233845472336,0.86466920375824,0.353409707546234,0.312650740146637
Sri Lanka,2017,120,4.44000005722046,1.00985014438629,1.25997638702393,0.625130832195282,0.490863561630249
Armenia,2017,121,4.37599992752075,0.900596737861633,1.00748372077942,0.637524425983429,0.0834880918264389
India,2017,122,4.31500005722046,0.792221248149872,0.754372596740723,0.455427616834641,0.231538489460945
Georgia,2017,125,4.28599977493286,0.950612664222717,0.57061493396759,0.649546980857849,0.0540088154375553
Mali,2017,127,4.19000005722046,0.476180493831635,1.28147339820862,0.169365674257278,0.183354198932648
Ivory Coast,2017,128,4.17999982833862,0.603048920631409,0.904780030250549,0.0486421696841717,0.201237469911575
Cambodia,2017,129,4.16800022125244,0.601765096187592,1.00623834133148,0.429783403873444,0.385922968387604
Ghana,2017,131,4.11999988555908,0.667224824428558,0.873664736747742,0.295637726783752,0.256923943758011
Ukraine,2017,132,4.09600019454956,0.89465194940567,1.39453756809235,0.575903952121735,0.270061463117599
Uganda,2017,133,4.08099985122681,0.381430715322495,1.12982773780823,0.217632606625557,0.325766056776047
Burkina Faso,2017,134,4.03200006484985,0.3502277135849,1.04328000545502,0.215844258666039,0.250864684581757
Malawi,2017,136,3.97000002861023,0.233442038297653,0.512568831443787,0.315089583396912,0.287170469760895
Zimbabwe,2017,138,3.875,0.375846534967422,1.08309590816498,0.196763753890991,0.189143493771553
Afghanistan,2017,141,3.79399991035461,0.401477217674255,0.581543326377869,0.180746778845787,0.311870932579041
Benin,2017,143,3.65700006484985,0.431085407733917,0.435299843549728,0.209930211305618,0.207948461174965
Guinea,2017,149,3.50699996948242,0.244549930095673,0.791244685649872,0.194129139184952,0.264815092086792
Togo,2017,150,3.49499988555908,0.305444717407227,0.431882530450821,0.247105568647385,0.196896150708199
Tanzania,2017,153,3.34899997711182,0.511135876178741,1.04198980331421,0.364509284496307,0.354256361722946
Finland,2018,1,7.632,1.305,1.592,0.874,0.202
Norway,2018,2,7.594,1.456,1.582,0.861,0.286
Denmark,2018,3,7.555,1.351,1.59,0.868,0.284
Iceland,2018,4,7.495,1.343,1.644,0.914,0.353
Switzerland,2018,5,7.487,1.42,1.549,0.927,0.256
Netherlands,2018,6,7.441,1.361,1.488,0.878,0.333
Canada,2018,7,7.328,1.33,1.532,0.896,0.321
New Zealand,2018,8,7.324,1.268,1.601,0.876,0.365
Sweden,2018,9,7.314,1.355,1.501,0.913,0.285
Australia,2018,10,7.272,1.34,1.573,0.91,0.361
United Kingdom,2018,11,7.19,1.244,1.433,0.888,0.262
Austria,2018,12,7.139,1.341,1.504,0.891,0.242
Costa Rica,2018,13,7.072,1.01,1.459,0.817,0.143
Ireland,2018,14,6.977,1.448,1.583,0.876,0.307
Germany,2018,15,6.965,1.34,1.474,0.861,0.273
Belgium,2018,16,6.927,1.324,1.483,0.894,0.188
United States,2018,18,6.886,1.398,1.471,0.819,0.291
Israel,2018,19,6.814,1.301,1.559,0.883,0.354
United Arab Emirates,2018,20,6.774,2.096,0.776,0.67,0.186
Malta,2018,22,6.627,1.27,1.525,0.884,0.376
France,2018,23,6.489,1.293,1.466,0.908,0.098
Mexico,2018,24,6.488,1.038,1.252,0.761,0.069
Chile,2018,25,6.476,1.131,1.331,0.808,0.197
Panama,2018,27,6.43,1.112,1.438,0.759,0.125
Brazil,2018,28,6.419,0.986,1.474,0.675,0.11
Argentina,2018,29,6.388,1.073,1.468,0.744,0.062
Uruguay,2018,31,6.379,1.093,1.459,0.771,0.13
Saudi Arabia,2018,33,6.371,1.379,1.331,0.633,0.098
Singapore,2018,34,6.343,1.529,1.451,1.008,0.261
Malaysia,2018,35,6.322,1.161,1.258,0.669,0.311
Spain,2018,36,6.31,1.251,1.538,0.965,0.142
Colombia,2018,37,6.26,0.96,1.439,0.635,0.099
Slovakia,2018,39,6.173,1.21,1.537,0.776,0.118
El Salvador,2018,40,6.167,0.806,1.231,0.639,0.065
Nicaragua,2018,41,6.141,0.668,1.319,0.7,0.208
Poland,2018,42,6.123,1.176,1.448,0.781,0.108
Bahrain,2018,43,6.105,1.338,1.366,0.698,0.243
Uzbekistan,2018,44,6.096,0.719,1.584,0.605,0.328
Thailand,2018,46,6.072,1.016,1.417,0.707,0.364
Italy,2018,47,6.0,1.264,1.501,0.946,0.137
Ecuador,2018,48,5.973,0.889,1.33,0.736,0.114
Lithuania,2018,50,5.952,1.197,1.527,0.716,0.026
Slovenia,2018,51,5.948,1.219,1.506,0.856,0.16
Romania,2018,52,5.945,1.116,1.219,0.726,0.088
Latvia,2018,53,5.933,1.148,1.454,0.671,0.092
Japan,2018,54,5.915,1.294,1.462,0.988,0.079
Mauritius,2018,55,5.891,1.09,1.387,0.684,0.245
Jamaica,2018,56,5.89,0.819,1.493,0.693,0.096
South Korea,2018,57,5.875,1.266,1.204,0.955,0.175
Russia,2018,59,5.81,1.151,1.479,0.599,0.065
Kazakhstan,2018,60,5.79,1.143,1.516,0.631,0.148
Cyprus,2018,61,5.762,1.229,1.191,0.909,0.202
Bolivia,2018,62,5.752,0.751,1.223,0.508,0.141
Estonia,2018,63,5.739,1.2,1.532,0.737,0.086
Paraguay,2018,64,5.681,0.835,1.522,0.615,0.162
Peru,2018,65,5.663,0.934,1.249,0.674,0.092
Kosovo,2018,66,5.662,0.855,1.23,0.578,0.274
Moldova,2018,67,5.64,0.657,1.301,0.62,0.171
Hungary,2018,69,5.62,1.171,1.401,0.732,0.061
Philippines,2018,71,5.524,0.775,1.312,0.513,0.12
Honduras,2018,72,5.504,0.62,1.205,0.622,0.197
Turkey,2018,74,5.483,1.148,1.38,0.686,0.106
Pakistan,2018,75,5.472,0.652,0.81,0.424,0.216
Portugal,2018,77,5.41,1.188,1.429,0.884,0.055
Serbia,2018,78,5.398,0.975,1.369,0.685,0.134
Greece,2018,79,5.358,1.154,1.202,0.879,0.0
Lebanon,2018,80,5.358,0.965,1.179,0.785,0.214
Montenegro,2018,81,5.347,1.017,1.279,0.729,0.111
Croatia,2018,82,5.321,1.115,1.161,0.737,0.12
Dominican Republic,2018,83,5.302,0.982,1.441,0.614,0.12
Algeria,2018,84,5.295,0.979,1.154,0.687,0.055
Morocco,2018,85,5.254,0.779,0.797,0.669,0.026
China,2018,86,5.246,0.989,1.142,0.799,0.029
Tajikistan,2018,88,5.199,0.474,1.166,0.598,0.187
Jordan,2018,90,5.161,0.822,1.265,0.645,0.13
Nigeria,2018,91,5.155,0.689,1.172,0.048,0.201
Kyrgyzstan,2018,92,5.131,0.53,1.416,0.594,0.281
Bosnia and Herzegovina,2018,93,5.129,0.915,1.078,0.758,0.216
Mongolia,2018,94,5.125,0.914,1.517,0.575,0.253
Vietnam,2018,95,5.103,0.715,1.365,0.702,0.177
Indonesia,2018,96,5.093,0.899,1.215,0.522,0.484
Cameroon,2018,99,4.975,0.535,0.891,0.182,0.183
Bulgaria,2018,100,4.933,1.054,1.515,0.712,0.064
Nepal,2018,101,4.88,0.425,1.228,0.539,0.302
Venezuela,2018,102,4.806,0.996,1.469,0.657,0.056
Gabon,2018,103,4.758,1.036,1.164,0.404,0.032
South Africa,2018,105,4.724,0.94,1.41,0.33,0.103
Iran,2018,106,4.707,1.059,0.771,0.691,0.282
Ivory Coast,2018,107,4.671,0.541,0.872,0.08,0.146
Ghana,2018,108,4.657,0.592,0.896,0.337,0.212
Senegal,2018,109,4.631,0.429,1.117,0.433,0.138
Tunisia,2018,111,4.592,0.9,0.906,0.69,0.04
Albania,2018,112,4.586,0.916,0.817,0.79,0.149
Sierra Leone,2018,113,4.571,0.256,0.813,0.0,0.238
Bangladesh,2018,115,4.5,0.532,0.85,0.579,0.153
Sri Lanka,2018,116,4.471,0.918,1.314,0.672,0.307
Iraq,2018,117,4.456,1.01,0.971,0.536,0.148
Mali,2018,118,4.447,0.37,1.233,0.152,0.139
Cambodia,2018,120,4.433,0.549,1.088,0.457,0.256
Burkina Faso,2018,121,4.424,0.314,1.097,0.254,0.175
Egypt,2018,122,4.419,0.885,1.025,0.553,0.092
Kenya,2018,124,4.41,0.493,1.048,0.454,0.352
Zambia,2018,125,4.377,0.562,1.047,0.295,0.221
Ethiopia,2018,127,4.35,0.308,0.95,0.391,0.22
Georgia,2018,128,4.34,0.853,0.592,0.643,0.038
Armenia,2018,129,4.321,0.816,0.99,0.666,0.077
Myanmar,2018,130,4.308,0.682,1.174,0.429,0.598
India,2018,133,4.19,0.721,0.747,0.485,0.172
Uganda,2018,135,4.161,0.322,1.09,0.237,0.259
Benin,2018,136,4.141,0.378,0.372,0.24,0.163
Ukraine,2018,138,4.103,0.793,1.413,0.609,0.187
Togo,2018,139,3.999,0.259,0.474,0.253,0.158
Guinea,2018,140,3.964,0.344,0.792,0.211,0.185
Zimbabwe,2018,144,3.692,0.357,1.094,0.248,0.132
Afghanistan,2018,145,3.632,0.332,0.537,0.255,0.191
Malawi,2018,147,3.587,0.186,0.541,0.306,0.21
Tanzania,2018,153,3.303,0.455,0.991,0.381,0.27
Finland,2019,1,7.769,1.34,1.587,0.986,0.153
Denmark,2019,2,7.6,1.383,1.573,0.996,0.252
Norway,2019,3,7.554,1.488,1.582,1.028,0.271
Iceland,2019,4,7.494,1.38,1.624,1.026,0.354
Netherlands,2019,5,7.488,1.396,1.522,0.999,0.322
Switzerland,2019,6,7.48,1.452,1.526,1.052,0.263
Sweden,2019,7,7.343,1.387,1.487,1.009,0.267
New Zealand,2019,8,7.307,1.303,1.557,1.026,0.33
Canada,2019,9,7.278,1.365,1.505,1.039,0.285
Austria,2019,10,7.246,1.376,1.475,1.016,0.244
Australia,2019,11,7.228,1.372,1.548,1.036,0.332
Costa Rica,2019,12,7.167,1.034,1.441,0.963,0.144
Israel,2019,13,7.139,1.276,1.455,1.029,0.261
United Kingdom,2019,15,7.054,1.333,1.538,0.996,0.348
Ireland,2019,16,7.021,1.499,1.553,0.999,0.298
Germany,2019,17,6.985,1.373,1.454,0.987,0.261
Belgium,2019,18,6.923,1.356,1.504,0.986,0.16
United States,2019,19,6.892,1.433,1.457,0.874,0.28
United Arab Emirates,2019,21,6.825,1.503,1.31,0.825,0.262
Malta,2019,22,6.726,1.3,1.52,0.999,0.375
Mexico,2019,23,6.595,1.07,1.323,0.861,0.074
France,2019,24,6.592,1.324,1.472,1.045,0.111
Chile,2019,26,6.444,1.159,1.369,0.92,0.187
Saudi Arabia,2019,28,6.375,1.403,1.357,0.795,0.08
Spain,2019,30,6.354,1.286,1.484,1.062,0.153
Panama,2019,31,6.321,1.149,1.442,0.91,0.109
Brazil,2019,32,6.3,1.004,1.439,0.802,0.099
Uruguay,2019,33,6.293,1.124,1.465,0.891,0.127
Singapore,2019,34,6.262,1.572,1.463,1.141,0.271
El Salvador,2019,35,6.253,0.794,1.242,0.789,0.093
Italy,2019,36,6.223,1.294,1.488,1.039,0.158
Bahrain,2019,37,6.199,1.362,1.368,0.871,0.255
Slovakia,2019,38,6.198,1.246,1.504,0.881,0.121
Poland,2019,40,6.182,1.206,1.438,0.884,0.117
Uzbekistan,2019,41,6.174,0.745,1.529,0.756,0.322
Lithuania,2019,42,6.149,1.238,1.515,0.818,0.043
Colombia,2019,43,6.125,0.985,1.41,0.841,0.099
Slovenia,2019,44,6.118,1.258,1.523,0.953,0.144
Nicaragua,2019,45,6.105,0.694,1.325,0.835,0.2
Kosovo,2019,46,6.1,0.882,1.232,0.758,0.262
Argentina,2019,47,6.086,1.092,1.432,0.881,0.066
Romania,2019,48,6.07,1.162,1.232,0.825,0.083
Cyprus,2019,49,6.046,1.263,1.223,1.042,0.19
Ecuador,2019,50,6.028,0.912,1.312,0.868,0.126
Thailand,2019,52,6.008,1.05,1.409,0.828,0.359
Latvia,2019,53,5.94,1.187,1.465,0.812,0.075
South Korea,2019,54,5.895,1.301,1.219,1.036,0.175
Estonia,2019,55,5.893,1.237,1.528,0.874,0.103
Jamaica,2019,56,5.89,0.831,1.478,0.831,0.107
Mauritius,2019,57,5.888,1.12,1.402,0.798,0.215
Japan,2019,58,5.886,1.327,1.419,1.088,0.069
Honduras,2019,59,5.86,0.642,1.236,0.828,0.246
Kazakhstan,2019,60,5.809,1.173,1.508,0.729,0.146
Bolivia,2019,61,5.779,0.776,1.209,0.706,0.137
Hungary,2019,62,5.758,1.201,1.41,0.828,0.081
Paraguay,2019,63,5.743,0.855,1.475,0.777,0.184
Peru,2019,65,5.697,0.96,1.274,0.854,0.083
Portugal,2019,66,5.693,1.221,1.431,0.999,0.047
Pakistan,2019,67,5.653,0.677,0.886,0.535,0.22
Russia,2019,68,5.648,1.183,1.452,0.726,0.082
Philippines,2019,69,5.631,0.807,1.293,0.657,0.117
Serbia,2019,70,5.603,1.004,1.383,0.854,0.137
Moldova,2019,71,5.529,0.685,1.328,0.739,0.181
Montenegro,2019,73,5.523,1.051,1.361,0.871,0.142
Tajikistan,2019,74,5.467,0.493,1.098,0.718,0.23
Croatia,2019,75,5.432,1.155,1.266,0.914,0.119
Dominican Republic,2019,77,5.425,1.015,1.401,0.779,0.113
Bosnia and Herzegovina,2019,78,5.386,0.945,1.212,0.845,0.263
Turkey,2019,79,5.373,1.183,1.36,0.808,0.083
Malaysia,2019,80,5.339,1.221,1.171,0.828,0.26
Greece,2019,82,5.287,1.181,1.156,0.999,0.0
Mongolia,2019,83,5.285,0.948,1.531,0.667,0.235
Nigeria,2019,85,5.265,0.696,1.111,0.245,0.215
Kyrgyzstan,2019,86,5.261,0.551,1.438,0.723,0.3
Algeria,2019,88,5.211,1.002,1.16,0.785,0.073
Morocco,2019,89,5.208,0.801,0.782,0.782,0.036
Lebanon,2019,91,5.197,0.987,1.224,0.815,0.166
Indonesia,2019,92,5.192,0.931,1.203,0.66,0.498
China,2019,93,5.191,1.029,1.125,0.893,0.058
Vietnam,2019,94,5.175,0.741,1.346,0.851,0.147
Cameroon,2019,96,5.044,0.549,0.91,0.331,0.187
Bulgaria,2019,97,5.011,1.092,1.513,0.815,0.081
Ghana,2019,98,4.996,0.611,0.868,0.486,0.245
Ivory Coast,2019,99,4.944,0.569,0.808,0.232,0.154
Nepal,2019,100,4.913,0.446,1.226,0.677,0.285
Jordan,2019,101,4.906,0.837,1.225,0.815,0.11
Benin,2019,102,4.883,0.393,0.437,0.397,0.175
Gabon,2019,104,4.799,1.057,1.183,0.571,0.043
South Africa,2019,106,4.722,0.96,1.351,0.469,0.13
Albania,2019,107,4.719,0.947,0.848,0.874,0.178
Venezuela,2019,108,4.707,0.96,1.427,0.805,0.064
Cambodia,2019,109,4.7,0.574,1.122,0.637,0.232
Senegal,2019,111,4.681,0.45,1.134,0.571,0.153
Burkina Faso,2019,115,4.587,0.331,1.056,0.38,0.177
Armenia,2019,116,4.559,0.85,1.055,0.815,0.095
Iran,2019,117,4.548,1.1,0.842,0.785,0.27
Guinea,2019,118,4.534,0.38,0.829,0.375,0.207
Georgia,2019,119,4.519,0.886,0.666,0.752,0.043
Kenya,2019,121,4.509,0.512,0.983,0.581,0.372
Tunisia,2019,124,4.461,0.921,1.0,0.815,0.059
Bangladesh,2019,125,4.456,0.562,0.928,0.723,0.166
Iraq,2019,126,4.437,1.043,0.98,0.574,0.148
Mali,2019,128,4.39,0.385,1.105,0.308,0.153
Sierra Leone,2019,129,4.374,0.268,0.841,0.242,0.252
Sri Lanka,2019,130,4.366,0.949,1.265,0.831,0.244
Myanmar,2019,131,4.36,0.71,1.181,0.555,0.566
Ukraine,2019,133,4.332,0.82,1.39,0.739,0.187
Ethiopia,2019,134,4.286,0.336,1.033,0.532,0.209
Uganda,2019,136,4.189,0.332,1.069,0.443,0.252
Egypt,2019,137,4.166,0.913,1.039,0.644,0.076
Zambia,2019,138,4.107,0.578,1.058,0.426,0.247
Togo,2019,139,4.085,0.275,0.572,0.41,0.177
India,2019,140,4.015,0.755,0.765,0.588,0.2
Zimbabwe,2019,146,3.663,0.366,1.114,0.433,0.151
Malawi,2019,150,3.41,0.191,0.56,0.495,0.218
Tanzania,2019,153,3.231,0.476,0.885,0.499,0.276
Afghanistan,2019,154,3.203,0.35,0.517,0.361,0.158
Finland,2020,1,7.808700085,10.63926697,0.954329729,71.9008255,-0.059482019
Denmark,2020,2,7.645599842,10.77400112,0.955990791,72.40250397,0.066201776
Switzerland,2020,3,7.559899807,10.97993279,0.942846596,74.10244751,0.105911039
Iceland,2020,4,7.504499912,10.77255917,0.974669576,73.0,0.246944219
Norway,2020,5,7.487999916,11.08780384,0.952486575,73.20078278,0.13453263
Netherlands,2020,6,7.448900223,10.81271172,0.93913883,72.30091858,0.20761244
Sweden,2020,7,7.353499889,10.75879383,0.926311195,72.60076904,0.111614622
New Zealand,2020,8,7.299600124,10.50094318,0.949118972,73.20262909,0.191598073
Austria,2020,9,7.294199944,10.7428236,0.928045869,73.00250244,0.085429221
Canada,2020,11,7.23210001,10.69236851,0.927176654,73.60160065,0.124770768
Australia,2020,12,7.222799778,10.72059631,0.944854617,73.60453796,0.19046016
United Kingdom,2020,13,7.164500237,10.60013485,0.93668282,72.30160522,0.263732493
Israel,2020,14,7.128600121,10.41752529,0.913571239,73.20025635,0.10259372
Costa Rica,2020,15,7.121399879,9.658156395,0.901545942,71.29985046,-0.10242971
Ireland,2020,16,7.093699932,11.16097832,0.942081571,72.30078888,0.145784974
Germany,2020,17,7.075799942,10.7328186,0.898874462,72.20201874,0.080179386
United States,2020,18,6.939599991,10.92576885,0.914219022,68.29949951,0.149891734
Belgium,2020,20,6.863500118,10.6736393,0.911632538,72.00164795,-0.078691199
United Arab Emirates,2020,21,6.790800095,11.1099987,0.849181116,67.08278656,0.123450845
Malta,2020,22,6.772799969,10.53383827,0.93037951,72.19999695,0.214965805
France,2020,23,6.663799763,10.58422279,0.937103748,73.80193329,-0.130641967
Mexico,2020,24,6.465000153,9.797797203,0.838665426,68.29902649,-0.175266623
Uruguay,2020,26,6.440100193,9.948192596,0.92281127,69.00254822,-0.101103112
Saudi Arabia,2020,27,6.406499863,10.79781246,0.874067068,66.30514526,-0.168695062
Spain,2020,28,6.400899887,10.46292686,0.921125412,74.40270996,-0.050961714
Italy,2020,30,6.38740015,10.48183632,0.889878571,73.60168457,-0.043460999
Singapore,2020,31,6.377099991,11.39552116,0.910268962,76.80458069,0.029879224
Brazil,2020,32,6.375599861,9.56643486,0.896723807,66.48016357,-0.101812392
Slovenia,2020,33,6.363399982,10.39232254,0.939575672,71.1029892,-0.080603383
El Salvador,2020,34,6.34829998,8.909075737,0.806092262,66.10826111,-0.121072978
Kosovo,2020,35,6.325200081,9.204429626,0.820726514,63.88555527,0.190933764
Panama,2020,36,6.304800034,10.03423405,0.902094483,69.60301208,-0.153927714
Slovakia,2020,37,6.280600071,10.34774971,0.922493756,68.90634155,-0.124409303
Uzbekistan,2020,38,6.257599831,8.740371704,0.926595807,65.10757446,0.248427153
Chile,2020,39,6.228499889,10.0320549,0.879713595,69.90061951,-0.065668367
Bahrain,2020,40,6.227300167,10.67638016,0.876342118,68.5,0.13372919
Lithuania,2020,41,6.215499878,10.34362602,0.926107109,67.29407501,-0.219725296
Poland,2020,43,6.186299801,10.26512432,0.874257445,69.31113434,-0.205084071
Colombia,2020,44,6.163400173,9.500369072,0.884440243,67.69958496,-0.161235645
Cyprus,2020,45,6.15899992,10.40570259,0.805996239,73.70222473,0.043731496
Nicaragua,2020,46,6.13710022,8.493160248,0.857497036,67.50717926,0.020959141
Romania,2020,47,6.123700142,10.107584,0.825161517,67.20723724,-0.19781521
Mauritius,2020,49,6.101299763,9.956786156,0.910357833,66.40434265,-0.018318573
Kazakhstan,2020,50,6.057899952,10.11465836,0.934744895,64.60996246,-0.068488635
Estonia,2020,51,6.021800041,10.34001732,0.934729993,68.60495758,-0.111697771
Philippines,2020,52,6.006000042,8.993545532,0.846730053,61.92676163,-0.105463006
Hungary,2020,53,6.000400066,10.24924374,0.921934128,67.60997009,-0.194323018
Thailand,2020,54,5.998799801,9.741791725,0.889973223,67.25059509,0.268685192
Argentina,2020,55,5.974699974,9.810955048,0.900567949,68.80380249,-0.194913864
Honduras,2020,56,5.953199863,8.424534798,0.821870148,67.19876862,0.086969115
Latvia,2020,57,5.949999809,10.17531967,0.918288589,66.8074646,-0.186888844
Ecuador,2020,58,5.925199986,9.246058464,0.836418986,68.50003815,-0.127014965
Portugal,2020,59,5.910900116,10.26374245,0.886590719,72.40202332,-0.220714301
Jamaica,2020,60,5.889800072,9.006250381,0.915701866,67.09999847,-0.125106767
South Korea,2020,61,5.872399807,10.51056671,0.799387157,73.6027298,-0.043404032
Japan,2020,62,5.870800018,10.57968903,0.883545935,75.00096893,-0.246910349
Peru,2020,63,5.796800137,9.456313133,0.831075251,68.10023499,-0.16238822
Serbia,2020,64,5.77820015,9.680980682,0.881475747,68.21020508,-0.073676221
Bolivia,2020,65,5.747499943,8.851115227,0.803108692,63.6004715,-0.09168113
Pakistan,2020,66,5.69329977,8.482727051,0.689062297,58.25313568,0.04489987
Paraguay,2020,67,5.692100048,9.389982224,0.898727894,65.63993835,0.007997713
Dominican Republic,2020,68,5.689199924,9.664880753,0.882085383,65.80748749,-0.131263286
Bosnia and Herzegovina,2020,69,5.674099922,9.455817223,0.829204142,67.80813599,0.098274559
Moldova,2020,70,5.607500076,8.776714325,0.843313575,65.01301575,-0.037741039
Tajikistan,2020,71,5.555699825,8.024810791,0.835297108,64.10459137,-0.025088511
Montenegro,2020,72,5.54610014,9.751860619,0.855314612,68.50534821,-0.075600356
Russia,2020,73,5.546000004,10.12887192,0.903150737,64.10045624,-0.151153743
Kyrgyzstan,2020,74,5.541500092,8.148405075,0.887228489,64.10601044,0.154772058
Greece,2020,77,5.514999866,10.13232613,0.814380348,72.40525818,-0.300907373
Croatia,2020,79,5.504700184,10.07087517,0.874623716,70.21490479,-0.128538325
Mongolia,2020,81,5.456200123,9.412186623,0.937142491,62.30448532,0.098093867
Malaysia,2020,82,5.384300232,10.26251888,0.816509426,67.10215759,0.114726797
Vietnam,2020,83,5.353499889,8.809545517,0.849987149,67.9527359,-0.094533332
Indonesia,2020,84,5.285600185,9.36975193,0.808379889,62.15584946,0.519586504
Ivory Coast,2020,85,5.233300209,8.225561142,0.658048689,49.50377274,-0.043991156
Benin,2020,86,5.21600008,7.674319744,0.468671143,54.31246567,-0.003537213
Ghana,2020,91,5.147999763,8.350645065,0.728601098,57.20398712,0.094170853
Nepal,2020,92,5.137199879,7.925357342,0.785512447,63.77917862,0.154168829
Turkey,2020,93,5.131800175,10.12941933,0.826313555,66.90281677,-0.171046436
China,2020,94,5.123899937,9.688568115,0.798760593,69.2891922,-0.18142575
Bulgaria,2020,96,5.101500034,9.869318962,0.937840343,66.80397797,-0.143908441
Morocco,2020,97,5.094799995,8.940313339,0.592628479,65.89624023,-0.240377247
Cameroon,2020,98,5.084899902,8.118647575,0.700386405,52.7049408,-0.00149645
Venezuela,2020,99,5.053199768,8.977793694,0.890408158,66.50534058,-0.169090509
Algeria,2020,100,5.005099773,9.537964821,0.803385139,65.90517426,-0.121105164
Senegal,2020,101,4.980800152,8.118982315,0.723616004,59.59915161,-0.052335154
Guinea,2020,102,4.949299812,7.750990391,0.637573481,54.46780014,0.076328471
Albania,2020,105,4.882699966,9.417930603,0.671070457,68.70813751,-0.042309489
Cambodia,2020,106,4.848400116,8.249890327,0.773080647,61.52996826,0.051911179
Bangladesh,2020,107,4.832799911,8.287063599,0.687292993,64.50306702,-0.033664726
Gabon,2020,108,4.829299927,9.680537224,0.787886858,59.71533966,-0.222261623
South Africa,2020,109,4.814099789,9.403370857,0.852532268,56.50601196,-0.109777324
Iraq,2020,110,4.784800053,9.661095619,0.747694969,59.90354919,-0.06956476
Lebanon,2020,111,4.771500111,9.3617239,0.824338138,67.10658264,-0.06121527
Burkina Faso,2020,112,4.768700123,7.46854496,0.712943614,53.88945389,-0.019080516
Mali,2020,114,4.729300022,7.629852295,0.731468976,51.72698212,-0.044366926
Nigeria,2020,115,4.724100113,8.57662487,0.73721689,49.86190796,0.033745807
Armenia,2020,116,4.676799774,9.100476265,0.757479429,66.75065613,-0.13877961
Georgia,2020,117,4.672599792,9.226100922,0.629033029,64.49520874,-0.22892037
Iran,2020,118,4.672399998,9.813719749,0.694689691,66.00614929,0.117891103
Jordan,2020,119,4.633399963,9.025999069,0.80216372,66.79975128,-0.162565202
Kenya,2020,121,4.583000183,8.02977562,0.702652037,60.09693146,0.294681519
Ukraine,2020,123,4.56069994,9.010690689,0.878879368,64.60678101,-0.030933706
Uganda,2020,126,4.43200016,7.500389576,0.764994621,55.70820236,0.099487431
Tunisia,2020,128,4.392199993,9.314972878,0.688718557,66.89785767,-0.216413811
Sri Lanka,2020,130,4.327000141,9.389969826,0.825374067,67.20006561,0.081129618
Myanmar,2020,133,4.308000088,8.680481911,0.78440702,58.96171188,0.560663998
Togo,2020,135,4.187200069,7.357711315,0.551312625,54.71989822,0.002667875
Ethiopia,2020,136,4.186200142,7.509385586,0.743307352,58.63959122,0.043377332
Egypt,2020,138,4.151400089,9.316541672,0.735447824,61.78015137,-0.196878314
Sierra Leone,2020,139,3.926399946,7.26880312,0.636142015,50.86514282,0.088660747
Zambia,2020,141,3.759399891,8.224720001,0.698824465,55.29937744,0.078037128
India,2020,144,3.573299885,8.849823952,0.592200935,60.21518707,0.057551607
Malawi,2020,145,3.538000107,7.062226295,0.544007301,57.59288788,0.021433279
Tanzania,2020,148,3.476200104,7.967665195,0.688933194,57.49607468,0.109668687
Zimbabwe,2020,151,3.299200058,7.865711689,0.763092756,55.61725998,-0.072063953
Afghanistan,2020,153,2.566900015,7.462860584,0.470366955,52.59000015,-0.0964294
Finland,2021,1,7.842,10.775,0.954,72.0,-0.098
Denmark,2021,2,7.62,10.933,0.954,72.7,0.03
Switzerland,2021,3,7.571,11.117,0.942,74.4,0.025
Iceland,2021,4,7.554,10.878,0.983,73.0,0.16
Netherlands,2021,5,7.464,10.932,0.942,72.4,0.175
Norway,2021,6,7.392,11.053,0.954,73.3,0.093
Sweden,2021,7,7.363,10.867,0.934,72.7,0.086
New Zealand,2021,9,7.277,10.643,0.948,73.4,0.134
Austria,2021,10,7.268,10.906,0.934,73.3,0.042
Australia,2021,11,7.183,10.796,0.94,73.9,0.159
Israel,2021,12,7.157,10.575,0.939,73.503,0.031
Germany,2021,13,7.155,10.873,0.903,72.5,0.011
Canada,2021,14,7.103,10.776,0.926,73.8,0.089
Ireland,2021,15,7.085,11.342,0.947,72.4,0.077
Costa Rica,2021,16,7.069,9.88,0.891,71.4,-0.126
United Kingdom,2021,17,7.064,10.707,0.934,72.5,0.233
United States,2021,19,6.951,11.023,0.92,68.2,0.098
Belgium,2021,20,6.834,10.823,0.906,72.199,-0.153
France,2021,21,6.69,10.704,0.942,74.0,-0.147
Bahrain,2021,22,6.647,10.669,0.862,69.495,0.089
Malta,2021,23,6.602,10.674,0.931,72.2,0.133
United Arab Emirates,2021,25,6.561,11.085,0.844,67.333,0.074
Saudi Arabia,2021,26,6.494,10.743,0.891,66.603,-0.149
Spain,2021,27,6.491,10.571,0.932,74.7,-0.081
Italy,2021,28,6.483,10.623,0.88,73.8,-0.084
Slovenia,2021,29,6.461,10.529,0.948,71.4,-0.101
Uruguay,2021,31,6.431,9.966,0.925,69.1,-0.092
Singapore,2021,32,6.377,11.488,0.915,76.953,-0.018
Kosovo,2021,33,6.372,9.318,0.821,63.813,0.257
Slovakia,2021,34,6.331,10.369,0.936,69.201,-0.124
Brazil,2021,35,6.33,9.577,0.882,66.601,-0.071
Mexico,2021,36,6.317,9.859,0.831,68.597,-0.147
Jamaica,2021,37,6.309,9.186,0.877,67.5,-0.137
Lithuania,2021,38,6.255,10.499,0.935,67.906,-0.203
Cyprus,2021,39,6.223,10.576,0.802,73.898,-0.015
Estonia,2021,40,6.189,10.481,0.941,68.8,-0.106
Panama,2021,41,6.18,10.35,0.896,69.652,-0.166
Uzbekistan,2021,42,6.179,8.836,0.918,65.255,0.311
Chile,2021,43,6.172,10.071,0.882,70.0,-0.044
Poland,2021,44,6.166,10.382,0.898,69.702,-0.165
Kazakhstan,2021,45,6.152,10.155,0.952,65.2,-0.069
Romania,2021,46,6.14,10.284,0.832,67.355,-0.219
Serbia,2021,48,6.078,9.787,0.873,68.6,0.002
El Salvador,2021,49,6.061,9.054,0.762,66.402,-0.11
Mauritius,2021,50,6.049,10.008,0.905,66.701,-0.054
Latvia,2021,51,6.032,10.315,0.927,67.1,-0.162
Colombia,2021,52,6.012,9.557,0.847,68.001,-0.135
Hungary,2021,53,5.992,10.358,0.943,68.0,-0.186
Thailand,2021,54,5.985,9.805,0.888,67.401,0.287
Nicaragua,2021,55,5.972,8.62,0.864,67.657,0.02
Japan,2021,56,5.94,10.611,0.884,75.1,-0.258
Argentina,2021,57,5.929,9.962,0.898,69.0,-0.182
Portugal,2021,58,5.929,10.421,0.879,72.6,-0.244
Honduras,2021,59,5.919,8.648,0.812,67.3,0.081
Croatia,2021,60,5.882,10.217,0.924,70.799,-0.118
Philippines,2021,61,5.88,9.076,0.83,62.0,-0.097
South Korea,2021,62,5.845,10.651,0.799,73.9,-0.083
Peru,2021,63,5.84,9.458,0.832,68.25,-0.154
Bosnia and Herzegovina,2021,64,5.813,9.59,0.87,68.098,0.113
Moldova,2021,65,5.766,9.454,0.857,65.699,-0.079
Ecuador,2021,66,5.764,9.313,0.821,68.8,-0.124
Kyrgyzstan,2021,67,5.744,8.538,0.893,64.401,0.119
Greece,2021,68,5.723,10.279,0.823,72.6,-0.288
Bolivia,2021,69,5.716,9.046,0.81,63.901,-0.077
Mongolia,2021,70,5.677,9.4,0.935,62.5,0.116
Paraguay,2021,71,5.653,9.448,0.893,65.9,0.028
Montenegro,2021,72,5.581,9.94,0.858,68.699,-0.034
Dominican Republic,2021,73,5.545,9.802,0.853,66.102,-0.133
Russia,2021,76,5.477,10.189,0.903,64.703,-0.111
Tajikistan,2021,78,5.466,8.091,0.86,64.281,-0.056
Vietnam,2021,79,5.411,8.973,0.85,68.034,-0.098
Malaysia,2021,81,5.384,10.238,0.817,67.102,0.125
Indonesia,2021,82,5.345,9.365,0.811,62.236,0.542
China,2021,84,5.339,9.673,0.811,69.593,-0.146
Ivory Coast,2021,85,5.306,8.551,0.644,50.114,-0.016
Armenia,2021,86,5.283,9.487,0.799,67.055,-0.168
Nepal,2021,87,5.269,8.12,0.774,64.233,0.152
Bulgaria,2021,88,5.266,10.016,0.931,67.0,-0.096
Cameroon,2021,91,5.142,8.189,0.71,53.515,0.026
Senegal,2021,92,5.132,8.118,0.71,59.802,-0.046
Albania,2021,93,5.117,9.52,0.697,68.999,-0.03
Ghana,2021,95,5.088,8.58,0.727,57.586,0.123
Benin,2021,99,5.045,8.087,0.489,54.713,-0.034
Bangladesh,2021,101,5.025,8.454,0.693,64.8,-0.041
Guinea,2021,102,4.984,7.838,0.639,55.008,0.095
South Africa,2021,103,4.956,9.403,0.86,56.904,-0.067
Turkey,2021,104,4.948,10.24,0.822,67.199,-0.139
Pakistan,2021,105,4.934,8.458,0.651,58.709,0.098
Morocco,2021,106,4.918,8.903,0.56,66.208,-0.236
Venezuela,2021,107,4.892,9.073,0.861,66.7,-0.169
Georgia,2021,108,4.891,9.585,0.671,64.3,-0.238
Algeria,2021,109,4.887,9.342,0.802,66.005,-0.067
Ukraine,2021,110,4.875,9.436,0.888,64.902,-0.011
Iraq,2021,111,4.854,9.24,0.746,60.583,-0.053
Gabon,2021,112,4.852,9.603,0.776,59.962,-0.2
Burkina Faso,2021,113,4.834,7.678,0.672,54.151,-0.009
Cambodia,2021,114,4.83,8.36,0.765,62.0,0.034
Nigeria,2021,116,4.759,8.533,0.74,50.102,0.037
Mali,2021,117,4.723,7.744,0.724,51.969,-0.036
Iran,2021,118,4.721,9.584,0.71,66.3,0.218
Uganda,2021,119,4.636,7.677,0.781,56.101,0.122
Kenya,2021,121,4.607,8.361,0.688,60.704,0.287
Tunisia,2021,122,4.596,9.266,0.691,67.201,-0.201
Lebanon,2021,123,4.584,9.626,0.848,67.355,-0.073
Myanmar,2021,126,4.426,8.541,0.779,59.302,0.509
Jordan,2021,127,4.395,9.182,0.767,67.0,-0.167
Sri Lanka,2021,129,4.325,9.47,0.827,67.299,0.079
Egypt,2021,132,4.283,9.367,0.75,61.998,-0.182
Ethiopia,2021,133,4.275,7.694,0.764,59.0,0.082
Togo,2021,136,4.107,7.362,0.569,54.914,0.032
Zambia,2021,137,4.073,8.145,0.708,55.809,0.061
Sierra Leone,2021,138,3.849,7.434,0.63,51.651,0.084
India,2021,139,3.819,8.755,0.603,60.633,0.089
Tanzania,2021,142,3.623,7.876,0.702,57.999,0.183
Malawi,2021,144,3.6,6.958,0.537,57.948,0.038
Zimbabwe,2021,148,3.145,7.943,0.75,56.201,-0.047
Afghanistan,2021,149,2.523,7.695,0.463,52.493,-0.102
Finland,2022,1,7.821,1.892,1.258,77.5,0.109
Denmark,2022,2,7.636,1.953,1.243,77.7,0.188
Iceland,2022,3,7.557,1.936,1.32,80.30000000000001,0.27
Switzerland,2022,4,7.512,2.026,1.226,82.19999999999999,0.147
Netherlands,2022,5,7.415,1.945,1.206,78.7,0.271
Sweden,2022,7,7.384,1.92,1.204,80.30000000000001,0.218
Norway,2022,8,7.365,1.997,1.239,78.60000000000001,0.217
Israel,2022,9,7.364,1.826,1.221,81.8,0.155
New Zealand,2022,10,7.2,1.852,1.235,75.2,0.245
Austria,2022,11,7.163,1.931,1.165,77.4,0.193
Australia,2022,12,7.162,1.9,1.203,77.2,0.258
Ireland,2022,13,7.041,2.129,1.166,77.9,0.19
Germany,2022,14,7.034,1.924,1.088,77.60000000000001,0.163
Canada,2022,15,7.025,1.886,1.188,78.3,0.217
United States,2022,16,6.977,1.982,1.182,62.8,0.22
United Kingdom,2022,17,6.943,1.867,1.143,75.0,0.289
Belgium,2022,19,6.805,1.907,1.106,76.4,0.049
France,2022,20,6.687,1.863,1.219,80.80000000000001,0.07
Bahrain,2022,21,6.647,1.854,1.029,62.5,0.199
Slovenia,2022,22,6.63,1.81,1.249,76.9,0.118
Costa Rica,2022,23,6.582,1.584,1.054,74.4,0.089
United Arab Emirates,2022,24,6.576,1.998,0.98,63.3,0.204
Saudi Arabia,2022,25,6.523,1.87,1.092,57.699999999999996,0.078
Singapore,2022,27,6.48,2.149,1.127,85.1,0.163
Romania,2022,28,6.477,1.719,1.006,65.5,0.039
Spain,2022,29,6.476,1.808,1.211,80.80000000000001,0.101
Uruguay,2022,30,6.474,1.615,1.18,67.2,0.103
Italy,2022,31,6.467,1.834,1.052,80.10000000000001,0.085
Kosovo,2022,32,6.455,1.362,0.949,56.89999999999999,0.309
Malta,2022,33,6.447,1.838,1.169,78.9,0.174
Lithuania,2022,34,6.446,1.804,1.204,65.9,0.053
Slovakia,2022,35,6.391,1.736,1.232,70.7,0.118
Estonia,2022,36,6.341,1.793,1.232,72.8,0.123
Panama,2022,37,6.309,1.715,1.107,70.89999999999999,0.049
Brazil,2022,38,6.293,1.462,1.044,61.5,0.131
Kazakhstan,2022,40,6.234,1.668,1.22,61.1,0.134
Cyprus,2022,41,6.221,1.815,0.909,81.89999999999999,0.123
Latvia,2022,42,6.18,1.732,1.221,63.7,0.075
Serbia,2022,43,6.178,1.55,1.086,65.8,0.219
Chile,2022,44,6.172,1.651,1.08,74.8,0.124
Nicaragua,2022,45,6.165,1.105,1.029,61.7,0.168
Mexico,2022,46,6.128,1.552,0.886,62.3,0.092
Croatia,2022,47,6.125,1.705,1.183,70.89999999999999,0.109
Poland,2022,48,6.123,1.758,1.174,71.2,0.124
El Salvador,2022,49,6.12,1.265,0.768,60.699999999999996,0.089
Hungary,2022,51,6.086,1.748,1.233,66.8,0.078
Mauritius,2022,52,6.071,1.591,1.116,56.8,0.131
Uzbekistan,2022,53,6.063,1.219,1.092,60.0,0.283
Japan,2022,54,6.039,1.835,1.089,86.6,0.007
Honduras,2022,55,6.022,1.111,0.885,55.50000000000001,0.202
Portugal,2022,56,6.016,1.76,1.078,77.7,0.016
Argentina,2022,57,5.967,1.592,1.102,66.2,0.081
Greece,2022,58,5.948,1.703,0.98,77.4,0.015
South Korea,2022,59,5.935,1.851,0.886,84.1,0.111
Philippines,2022,60,5.904,1.268,0.912,51.4,0.107
Thailand,2022,61,5.891,1.535,1.096,69.69999999999999,0.321
Moldova,2022,62,5.857,1.417,1.008,59.699999999999996,0.102
Jamaica,2022,63,5.85,1.296,1.045,64.60000000000001,0.08
Kyrgyzstan,2022,64,5.828,1.069,1.109,63.800000000000004,0.208
Colombia,2022,66,5.781,1.452,0.929,72.0,0.087
Bosnia and Herzegovina,2022,67,5.768,1.468,1.068,66.5,0.244
Mongolia,2022,68,5.761,1.393,1.197,46.7,0.247
Dominican Republic,2022,69,5.737,1.538,1.003,57.699999999999996,0.084
Malaysia,2022,70,5.711,1.689,0.938,62.0,0.213
Bolivia,2022,71,5.6,1.256,0.88,55.50000000000001,0.112
China,2022,72,5.585,1.508,0.958,70.5,0.099
Paraguay,2022,73,5.578,1.409,1.13,62.4,0.171
Peru,2022,74,5.559,1.397,0.865,73.5,0.09
Montenegro,2022,75,5.547,1.573,1.023,65.9,0.135
Ecuador,2022,76,5.533,1.352,0.879,70.8,0.08
Vietnam,2022,77,5.485,1.252,0.932,61.1,0.143
Russia,2022,80,5.459,1.685,1.095,58.599999999999994,0.117
Armenia,2022,82,5.399,1.434,0.82,66.8,0.054
Tajikistan,2022,83,5.377,0.966,1.005,51.800000000000004,0.118
Nepal,2022,84,5.377,0.984,0.784,49.9,0.237
Bulgaria,2022,85,5.371,1.625,1.163,64.0,0.123
Indonesia,2022,87,5.24,1.382,0.883,53.900000000000006,0.468
Ivory Coast,2022,88,5.235,1.094,0.442,32.2,0.149
Albania,2022,90,5.199,1.439,0.646,71.89999999999999,0.138
South Africa,2022,91,5.194,1.425,1.088,36.1,0.089
Bangladesh,2022,94,5.155,1.06,0.614,58.099999999999994,0.125
Algeria,2022,96,5.122,1.363,0.97,64.3,0.106
Ukraine,2022,98,5.084,1.411,1.081,58.3,0.188
Morocco,2022,100,5.06,1.208,0.268,56.49999999999999,0.02
Cameroon,2022,102,5.048,0.968,0.672,31.7,0.152
Senegal,2022,103,5.046,0.933,0.53,44.7,0.143
Georgia,2022,105,4.973,1.467,0.612,59.5,0.0
Gabon,2022,106,4.958,1.459,0.738,39.6,0.032
Iraq,2022,107,4.941,1.289,0.682,55.400000000000006,0.147
Venezuela,2022,108,4.925,0.0,0.968,57.8,0.225
Guinea,2022,109,4.891,0.848,0.566,27.500000000000004,0.214
Iran,2022,110,4.888,1.41,0.741,64.2,0.241
Ghana,2022,111,4.872,1.112,0.595,40.9,0.23
Turkey,2022,112,4.744,1.707,0.865,70.19999999999999,0.087
Burkina Faso,2022,113,4.67,0.779,0.565,32.0,0.186
Cambodia,2022,114,4.64,1.019,0.732,50.5,0.166
Benin,2022,115,4.623,0.932,0.064,33.5,0.127
Uganda,2022,117,4.603,0.777,0.875,41.8,0.222
Nigeria,2022,118,4.552,1.079,0.732,30.0,0.175
Kenya,2022,119,4.543,1.032,0.605,40.1,0.322
Tunisia,2022,120,4.516,1.35,0.596,65.60000000000001,0.029
Pakistan,2022,121,4.516,1.049,0.413,37.4,0.181
Mali,2022,123,4.479,0.792,0.483,31.1,0.128
Myanmar,2022,126,4.394,1.038,0.829,49.1,0.452
Sri Lanka,2022,127,4.362,1.415,0.934,66.0,0.15
Egypt,2022,129,4.288,1.388,0.732,54.800000000000004,0.041
Ethiopia,2022,131,4.241,0.788,0.809,45.7,0.205
Jordan,2022,134,4.152,1.324,0.724,67.5,0.058
Togo,2022,135,4.112,0.771,0.322,36.0,0.174
India,2022,136,3.777,1.167,0.376,47.099999999999994,0.198
Zambia,2022,137,3.76,0.93,0.577,30.599999999999998,0.203
Malawi,2022,138,3.75,0.648,0.279,38.800000000000004,0.14
Tanzania,2022,139,3.702,0.848,0.597,42.5,0.248
Sierra Leone,2022,140,3.574,0.686,0.416,27.3,0.202
Zimbabwe,2022,144,2.995,0.947,0.69,27.0,0.106
Lebanon,2022,145,2.955,1.392,0.498,63.1,0.082
Afghanistan,2022,146,2.404,0.758,0.0,28.9,0.089
